{"initial_reset_timestamp": 1589595977.1830842, "timestamps": [1589595982.0396693, 1589595987.1104643, 1589595991.4793606, 1589595995.9278963, 1589596000.428766], "episode_lengths": [1597, 1670, 1598, 1654, 1676], "episode_rewards": [21.0, 21.0, 21.0, 21.0, 21.0], "episode_types": ["t", "t", "t", "t", "t"]}