{"initial_reset_timestamp": 1586258602.5022318, "timestamps": [1586258611.1154337, 1586258618.4362836, 1586258623.342675, 1586258628.2978075, 1586258633.3311908], "episode_lengths": [1649, 1632, 1631, 1649, 1646], "episode_rewards": [21.0, 21.0, 21.0, 21.0, 21.0], "episode_types": ["t", "t", "t", "t", "t"]}