{"initial_reset_timestamp": 1588507470.339469, "timestamps": [1588507515.0433943, 1588507559.3405814, 1588507589.8520148, 1588507620.1343534, 1588507650.5339735], "episode_lengths": [1538, 1535, 1537, 1535, 1538], "episode_rewards": [21.0, 21.0, 21.0, 21.0, 21.0], "episode_types": ["t", "t", "t", "t", "t"]}