{"initial_reset_timestamp": 1586272780.796811, "timestamps": [1586272788.5845633, 1586272796.8460686, 1586272801.7139971, 1586272806.9891376, 1586272812.7846704], "episode_lengths": [1648, 1760, 1647, 1805, 1915], "episode_rewards": [21.0, 20.0, 21.0, 21.0, 18.0], "episode_types": ["t", "t", "t", "t", "t"]}