{"initial_reset_timestamp": 1589935446.4919508, "timestamps": [1589935451.2194667, 1589935456.0451026, 1589935460.393359, 1589935464.653022, 1589935469.0640628], "episode_lengths": [1577, 1601, 1600, 1574, 1633], "episode_rewards": [21.0, 21.0, 21.0, 21.0, 20.0], "episode_types": ["t", "t", "t", "t", "t"]}